park_name,1997,1998,1999,2000,2001,2002,2003,2004,2005,2006,2007,2008,2009,2010,2011,2012,2013,2014,2015,2016
Abraham Lincoln Birthplace NHP,"262,889","250,842","251,204","236,180","229,675","250,772","211,650","201,828","190,809","200,054","202,950","200,404","221,111","177,122","163,568","169,515","163,928","241,264","148,605","252,495"
Acadia NP,"2,760,306","2,594,497","2,602,227","2,469,238","2,516,551","2,558,572","2,431,062","2,207,847","2,051,484","2,083,588","2,202,228","2,075,857","2,227,698","2,504,208","2,374,645","2,431,052","2,254,922","2,563,129","2,811,184","3,303,393"
Adams NHP,"56,643","63,569","84,574","87,347","167,500","173,944","215,659","239,504","220,467","225,318","224,880","241,536","253,656","73,339","219,975","336,031","285,501","178,468","183,632","199,301"
African Burial Ground NM,,,,,,,,,,,,,,"117,113","108,585","77,624","93,234","54,861","56,348","46,526"
Agate Fossil Beds NM,"20,596","17,594","18,117","17,933","17,399","17,129","16,233","15,235","14,209","13,521","12,997","12,425","12,694","12,509","11,617","11,824","10,504","12,440","13,264","15,555"
Alibates Flint Quarries NM,"3,363","3,293","3,047","3,131","2,456","2,125","1,811","2,012","2,919","1,882","4,028","2,297","2,918","4,350","3,214","3,383","1,555","4,513","9,492","8,153"
Allegheny Portage Railroad NHS,"121,841","111,100","111,391","133,396","142,340","146,484","129,995","126,441","115,357","121,009","123,215","113,991","118,931","107,363","118,410","138,864","107,977","172,883","168,433","189,371"
Amistad NRA,"1,084,433","1,129,811","1,164,166","1,234,506","1,097,650","1,047,784","1,071,199","1,445,772","1,399,852","1,599,271","1,734,200","1,980,717","2,573,966","1,574,322","1,436,759","1,367,502","1,025,151","1,130,096","1,250,051","1,164,530"
Andersonville NHS,"196,340","225,653","182,539","167,373","160,974","190,004","150,661","165,929","132,466","132,153","153,686","159,592","136,267","121,535","108,812","122,883","98,771","127,189","136,686","134,216"
Andrew Johnson NHS,"67,309","60,207","51,779","59,897","49,551","48,878","51,910","50,196","48,552","50,701","43,456","69,433","63,296","60,323","52,322","51,261","42,929","42,863","45,357","45,937"
Aniakchak NM & PRES,,209,377,251,206,241,154,285,285,60,26,10,14,62,57,19,134,134,153,100
Antietam NB,"275,639","275,385","268,897","286,896","303,599","303,209","279,694","237,885","295,309","282,676","337,569","352,548","378,966","393,957","384,987","510,921","370,832","337,079","347,180","351,911"
Apostle Islands NL,"183,636","236,829","193,260","181,760","185,435","169,674","169,699","151,881","175,245","189,051","182,396","162,871","170,202","156,945","176,040","163,419","148,556","290,059","232,662","183,796"
Appomattox Court House NHP,"204,862","201,874","198,665","196,363","190,422","177,219","155,031","152,453","136,827","145,804","149,255","178,748","185,443","216,220","258,917","320,668","317,660","278,776","412,640","303,139"
Arches NP,"858,525","837,161","869,980","786,429","754,026","769,672","757,781","733,131","781,670","833,049","860,181","928,795","996,312","1,014,405","1,040,758","1,070,577","1,082,866","1,284,767","1,399,247","1,585,718"
Arkansas Post NMEM,"50,422","51,858","49,087","43,903","43,502","48,126","37,905","38,183","37,740","36,665","37,230","43,137","32,160","34,712","37,127","39,703","36,420","30,860","38,702","34,405"
Arlington House The R.E. Lee MEM,"428,347","511,200","476,911","377,011","429,470","416,531","378,688","492,831","498,553","509,522","466,690","518,515","603,773","627,576","576,816","562,772","586,531","671,638","532,050","1,057,500"
Assateague Island NS,"1,892,042","1,836,784","1,891,992","1,810,501","1,897,634","2,117,458","2,020,666","2,048,789","1,996,502","1,932,817","2,110,918","2,011,438","2,129,658","2,106,090","2,105,419","2,154,859","2,056,828","2,170,681","2,275,606","2,267,821"
Aztec Ruins NM,"61,979","63,259","58,318","52,136","46,451","47,401","42,493","45,423","44,050","40,779","39,538","38,709","38,234","37,437","41,106","44,744","41,312","44,721","53,165","57,692"
Badlands NP,"970,696","1,021,049","950,453","1,105,824","955,469","908,898","871,034","936,030","909,146","840,118","886,654","845,734","933,918","977,778","870,741","883,406","892,372","868,094","989,354","996,263"
Bandelier NM,"409,303","354,672","332,764","248,276","313,850","291,436","287,096","263,285","250,161","243,765","224,134","207,656","212,544","234,896","193,914","150,289","126,682","130,106","174,073","198,478"
Belmont-Paul Women's Equality NM,,,,,,,,,,,,,,,,,,,,"2,704"
Bent's Old Fort NHS,"38,771","41,106","36,814","30,461","30,987","29,830","31,247","30,964","27,760","26,483","23,952","25,001","28,131","29,120","26,842","25,815","23,324","24,555","26,219","31,948"
Bering Land Bridge NPRES,,"3,740","3,000","3,025","3,525","2,775","2,425","2,710","2,428","1,265",796,"1,019","1,054","2,642","1,890","2,642","2,642","2,636","2,642","2,642"
Big Bend NP,"305,882","338,442","327,649","262,320","328,927","327,747","312,384","357,723","398,583","298,717","364,856","362,512","363,905","372,330","361,862","292,055","316,953","314,102","381,747","388,290"
Big Cypress NPRES,"462,553","474,895","503,110","505,062","409,771","449,481","400,902","385,194","768,687","825,857","822,864","813,790","812,207","665,523","941,393","882,570","1,007,788","1,192,856","1,112,290","1,102,148"
Big Hole NB,"51,708","64,968","62,302","40,470","56,619","61,142","56,146","60,128","54,934","55,049","55,415","54,818","49,822","44,771","36,290","35,207","38,092","36,987","39,549","41,795"
Big South Fork NRRA,"858,388","856,480","860,224","864,200","916,548","852,873","752,140","696,114","699,230","622,807","626,751","675,928","686,747","656,374","606,579","600,161","565,063","599,906","643,135","684,715"
Big Thicket NPRES,"77,633","60,087","60,193","62,009","98,526","101,830","101,580","107,782","92,383","91,126","95,285","93,634","100,509","140,489","137,722","135,262","120,108","109,956","125,832","192,809"
Bighorn Canyon NRA,"190,509","279,637","234,013","238,049","241,388","167,792","228,701","149,011","194,519","177,414","213,063","178,533","205,293","258,637","201,010","245,831","241,527","224,083","245,173","259,485"
Biscayne NP,"392,069","403,239","442,585","393,151","489,343","513,397","490,031","478,304","563,728","608,836","517,442","686,062","437,745","467,612","476,077","495,613","486,848","525,745","508,164","514,709"
Black Canyon of the Gunnison NP,"209,863","193,451","200,142","191,506","181,018","173,687","167,247","175,581","180,814","160,450","219,576","160,185","171,451","176,344","168,336","192,570","175,852","183,045","209,166","238,018"
Blue Ridge PKWY,"18,373,279","19,026,498","19,836,842","19,153,081","19,969,587","21,538,760","18,344,051","17,999,116","17,882,567","18,953,478","17,352,286","16,309,307","15,936,316","14,517,118","15,382,447","15,205,059","12,877,368","13,941,749","15,054,603","15,175,578"
Bluestone NSR,"67,836","56,983","58,610","51,738","55,763","55,115","50,302","39,590","45,146","46,093","48,061","46,942","45,904","37,790","41,670","36,842","36,266","38,450","36,733","34,139"
Booker T. Washington NM,"19,172","19,226","22,623","21,435","22,692","19,188","17,906","18,513","16,357","18,339","19,410","19,990","21,216","21,665","24,030","24,361","22,103","26,127","27,205","23,440"
Boston African American NHS,"365,843","384,331","391,235","393,175","390,130","299,958","227,200","236,353","327,921","255,060","265,459","280,279","298,519","333,463","379,906","404,248","386,084","408,641","412,377","414,170"
Boston NHP,"2,707,789","2,697,197","2,330,011","2,450,806","1,981,301","1,801,100","1,617,503","1,897,505","1,992,242","1,944,386","2,184,889","2,232,495","2,155,026","2,060,497","2,546,156","2,629,064","2,245,875","2,476,078","2,262,841","2,594,495"
Brown v. Board of Education NHS,,,,,,,,"22,101","18,390","20,926","17,536","16,950","19,228","17,808","16,886","21,101","19,356","26,868","25,338","27,968"
Bryce Canyon NP,"1,174,824","1,166,331","1,081,521","1,099,275","1,068,619","886,436","903,760","987,253","1,017,681","890,676","1,012,563","1,043,321","1,216,377","1,285,492","1,296,000","1,385,352","1,311,875","1,435,741","1,745,804","2,365,110"
Buck Island Reef NM,"53,583","46,455",,,,"50,213","46,274","44,806","47,883","47,456","46,303","46,025","47,341","27,403","28,223","30,436","28,972","34,400","41,936","38,929"
Buffalo NR,"580,305","651,223","796,279","731,783","794,676","765,628","635,344","1,191,021","984,059","1,068,090","1,194,043","1,405,802","1,522,586","1,545,599","1,169,802","1,093,083","1,125,227","1,357,057","1,463,304","1,785,359"
Cabrillo NM,"1,115,458","1,095,638","1,167,486","1,136,296","1,034,753","1,048,371","1,004,280","903,265","826,615","804,826","739,534","705,331","767,687","763,140","813,351","877,951","856,128","893,434","981,825","959,145"
Canaveral NS,"1,368,632","703,301","846,512","1,115,345","1,062,962","1,075,747","1,045,898","1,050,211","1,007,446","1,005,402","1,038,449","994,453","1,001,665","966,099","1,005,001","994,430","1,133,688","1,451,225","1,689,754","1,629,944"
Cane River Creole NHP,,,,,,"7,449","8,380","12,933","28,937","34,453","30,584","24,587","27,411","25,115","26,996","28,310","25,556","28,981","30,882","26,863"
Canyon de Chelly NM,"842,169","844,958","852,048","848,348","833,202","772,620","866,498","936,007","830,253","826,635","825,320","835,860","826,425","827,247","828,145","828,523","828,478","827,761","813,686","821,406"
Canyonlands NP,"432,697","436,524","446,160","401,558","368,592","367,078","386,986","371,706","393,381","392,537","417,560","436,715","436,241","435,908","473,773","452,952","462,242","542,431","634,607","776,218"
Cape Cod NS,"4,608,454","4,804,185","4,915,414","4,581,169","4,391,478","4,455,931","4,066,365","4,106,840","3,712,812","4,487,716","4,351,609","4,644,235","4,311,949","4,653,706","4,454,771","4,441,290","4,501,898","4,426,750","4,503,220","4,692,796"
Cape Hatteras NS,"2,515,057","2,737,640","2,634,587","2,647,383","2,592,889","2,923,894","2,660,535","2,208,189","2,260,628","2,125,005","2,237,378","2,146,392","2,282,543","2,193,292","1,960,711","2,302,040","2,214,565","2,153,350","2,274,635","2,411,711"
Cape Krusenstern NM,"3,401","2,960","3,947","2,026","4,060","3,266","3,587","4,330","4,664","2,598",745,"1,575","1,810","2,521","8,668","24,950","18,225",0,0,"15,000"
Cape Lookout NS,"374,893","357,443","553,243","446,148","625,387","610,337","704,480","720,216","692,857","803,155","860,602","486,899","601,954","530,181","508,116","480,294","416,568","430,927","400,413","458,000"
Capitol Reef NP,"625,680","656,026","680,153","612,656","527,760","525,646","535,441","549,708","550,255","511,511","554,907","604,811","617,208","662,661","668,834","673,345","663,670","786,514","941,029","1,064,904"
Capulin Volcano NM,"65,109","70,121","65,278","62,265","60,542","58,675","61,373","57,692","53,521","49,823","49,182","45,178","50,935","48,580","46,358","48,710","48,466","50,892","55,506","60,132"
Carl Sandburg Home NHS,"41,402","37,911","36,442","35,240","34,769","38,052","32,570","28,372","26,640","28,799","28,820","21,233","83,550","86,740","89,721","93,429","81,710","82,377","72,606","80,696"
Carlsbad Caverns NP,"540,797","522,076","514,418","469,303","455,621","476,259","457,631","419,599","413,786","407,367","409,560","400,381","432,639","428,524","365,000","381,058","388,566","397,309","445,720","466,773"
Casa Grande Ruins NM,"157,447","150,715","151,185","124,130","132,630","85,375","87,687","93,933","97,214","88,295","76,854","73,763","76,350","77,347","72,308","68,631","65,106","63,698","72,606","75,752"
Castillo de San Marcos NM,"582,732","562,731","692,670","648,814","613,465","668,298","665,309","643,594","600,252","630,903","632,048","618,769","667,783","708,549","741,042","727,243","778,128","760,708","819,154","854,664"
Castle Clinton NM,"4,109,013","4,390,268","4,467,492","4,588,273","3,601,635","2,976,795","2,941,250","2,949,231","3,487,307","3,415,397","3,509,468","3,727,030","4,080,152","4,126,378","3,985,366","3,264,439","2,180,694","4,727,110","4,597,029","4,812,930"
Catoctin Mountain Park,"503,812","483,762","459,002","508,539","532,615","457,641","621,114","699,274","515,193","526,898","591,191","466,926","440,294","385,745","264,460","263,797","175,213","188,170","229,301","221,750"
Cedar Breaks NM,"608,399","578,974","597,460","550,657","690,652","586,938","569,455","516,331","505,158","488,376","514,871","538,016","492,353","525,831","493,147","631,809","466,450","762,907","793,601","899,676"
Cesar E. Chavez NM,,,,,,,,,,,,,,,,,"8,157","8,854","10,648","17,216"
Chaco Culture NHP,"113,336","83,805","83,337","81,015","68,527","79,171","84,621","71,812","45,539","37,923","68,211","37,180","37,376","34,226","39,175","39,044","29,917","38,386","38,914","54,084"
Chamizal NMEM,"193,649","186,480","162,495","183,418","216,320","221,604","260,142","244,496","231,380","221,048","218,195","197,767","215,852","226,535","113,817","104,148","121,937","108,399","122,431","147,937"
Channel Islands NP,"488,757","574,270","607,057","482,571","520,428","613,935","585,919","537,716","434,107","375,256","360,806","332,177","348,745","277,515","242,756","249,594","212,029","342,161","324,816","364,807"
Charles Pinckney NHS,"40,591","42,144","32,174","24,055","29,272","29,647","22,871","19,064","36,969","36,556","41,393","44,072","43,447","44,081","45,254","44,314","47,309","53,486","46,995","53,184"
Charles Young Buffalo Soldiers NM,,,,,,,,,,,,,,,,,,,"3,993","10,211"
Chattahoochee River NRA,"2,957,698","2,935,043","2,898,155","2,659,709","2,751,256","2,806,578","2,694,541","2,672,138","2,511,306","2,842,670","2,836,077","2,826,171","2,830,655","3,011,393","3,161,297","3,168,137","3,039,892","3,119,160","3,173,204","2,736,385"
Chesapeake & Ohio Canal NHP,"1,934,030","1,984,400","2,116,916","3,115,654","4,174,048","3,202,378","2,801,592","2,918,399","3,000,005","3,039,178","2,809,968","3,111,468","3,751,681","4,111,238","3,937,504","4,712,377","4,941,367","5,066,219","4,798,312","4,813,078"
Chickamauga & Chattanooga NMP,"1,008,277","1,019,503","928,124","838,350","749,913","916,738","887,548","914,836","901,384","919,892","991,645","993,535","992,448","991,901","1,036,699","1,032,844","905,984","996,694","1,002,373","1,027,738"
Chickasaw NRA,"1,572,079","1,615,577","1,602,065","1,389,537","1,608,792","1,510,019","1,391,334","1,275,733","1,295,212","1,343,793","1,368,806","1,230,609","1,238,484","1,253,637","1,212,139","1,487,039","1,099,669","1,152,083","1,254,105","1,676,421"
Chiricahua NM,"80,710","73,746","102,541","85,562","75,824","67,040","44,976","37,586","60,224","61,579","58,434","56,557","60,851","55,436","37,037","41,159","40,646","45,125","56,960","51,277"
Christiansted NHS,"108,825","107,223","104,081","98,947","112,915","110,209","107,907","109,034","106,015","100,868","101,522","105,136","114,743","117,214","119,335","126,962","118,638","109,159","116,817","115,446"
City of Rocks NRES,"72,043","60,827","72,341","66,252","68,165","78,334","79,879","76,586","67,235","77,131","79,533","85,893","96,649","92,484","95,764","98,996","94,906","94,825","105,289","107,865"
Clara Barton NHS,"12,686","11,992","10,438","13,759","17,382","17,778","15,001","13,513","12,529","12,495","10,106","9,007","10,986","23,741","15,620","25,347","22,737","20,028","2,823",0
Colonial NHP,"3,218,180","3,122,557","3,136,262","3,153,600","3,282,461","3,324,188","3,329,139","3,327,573","3,338,695","3,344,018","3,343,910","3,332,039","3,324,751","3,459,965","3,414,577","3,274,187","3,168,731","3,335,060","3,343,909","3,352,656"
Colorado NM,"307,088","291,690","297,113","269,301","237,604","294,033","336,642","352,579","347,136","332,654","395,260","390,972","400,266","433,561","435,460","454,510","409,351","416,862","588,006","391,075"
Congaree NP,"70,716","93,725","82,223","95,619","119,738","101,620","107,114","126,247","84,301","134,045","115,524","104,913","122,970","121,208","120,166","109,685","120,340","120,122","87,513","143,843"
Coronado NMEM,"87,788","90,565","87,183","84,898","89,107","87,311","89,309","89,591","86,618","71,111","71,702","91,028","106,409","136,284","153,042","97,579","92,936","118,838","132,584","136,075"
Cowpens NB,"188,369","180,727","186,373","212,876","218,361","214,257","228,162","208,565","208,936","143,664","197,255","235,176","224,394","226,868","223,923","231,973","216,239","200,836","206,740","213,299"
Crater Lake NP,"451,548","471,865","417,992","426,883","457,373","456,620","479,183","417,066","447,240","388,972","468,958","415,686","446,516","448,319","423,551","447,251","523,027","535,508","614,712","756,344"
Craters of the Moon NM,"218,036","193,304","215,567","211,642","185,799","183,573","178,824","183,111","203,332","176,998","221,672","227,179","194,046","215,698","198,545","197,529","200,525","214,993","246,826","255,436"
Cumberland Gap NHP,"1,372,951","1,317,835","1,434,425","1,520,386","887,488","915,347","987,782","929,583","1,006,447","936,929","994,985","843,893","883,663","918,746","828,947","853,998","768,363","879,934","840,601","820,387"
Cumberland Island NS,"49,864","45,351","44,127","43,782","45,193","41,576","41,727","38,287","40,291","44,025","72,449","82,812","77,588","91,996","74,279","61,493","51,435","61,401","59,859","61,896"
Curecanti NRA,"966,680","973,652","1,044,523","1,022,320","879,776","732,713","1,008,810","1,006,102","882,768","936,380","964,640","1,007,444","953,169","969,549","924,468","862,612","814,163","931,367","944,742","982,498"
Cuyahoga Valley NP,"3,527,837","3,467,107","3,324,284","3,324,918","3,123,353","3,217,935","2,879,591","3,306,175","2,533,827","2,468,816","2,486,656","2,828,233","2,589,288","2,492,670","2,161,185","2,299,722","2,103,010","2,189,849","2,284,612","2,423,390"
Dayton Aviation Heritage NHP,"34,706","38,308","32,882","36,038","48,489","40,246","100,616","50,569","49,100","51,771","54,827","53,292","58,301","63,961","68,048","65,999","59,274","57,565","73,588","95,334"
De Soto NMEM,"221,633","242,226","275,505","253,421","221,282","194,161","271,737","236,717","240,172","245,503","260,843","265,944","246,608","265,406","355,653","432,981","279,924","342,039","293,647","232,463"
Death Valley NP,"1,188,212","1,177,746","1,227,583","1,179,094","1,014,636","897,596","890,375","764,820","800,113","744,440","704,122","871,938","828,574","984,775","946,867","984,568","951,972","1,101,312","1,154,843","1,296,283"
Delaware Water Gap NRA,"4,752,100","5,019,175","4,953,427","4,900,745","4,867,273","5,165,415","5,059,410","5,052,264","5,052,264","5,254,216","4,836,229","5,127,074","5,213,030","5,285,761","4,986,700","4,970,802","4,843,350","4,041,672","3,735,134","3,677,744"
Denali NP & PRES,"354,278","372,519","386,867","363,983","360,191","311,335","360,189","404,236","403,520","415,935","458,308","432,309","358,041","378,855","406,582","388,433","530,922","531,315","560,757","587,412"
Devils Postpile NM,"142,739","121,108","152,642","147,983","155,478","147,362","118,550","114,788","67,402","105,303","120,758","134,005","110,212","80,349","97,207","87,845","91,794","114,414","140,313","135,404"
Devils Tower NM,"389,137","399,064","395,892","383,468","375,596","404,934","396,266","386,558","369,575","335,764","322,272","336,303","391,023","436,200","395,203","416,994","417,326","440,875","478,833","496,210"
Dinosaur NM,"446,624","420,295","410,742","397,069","326,373","299,142","289,849","325,279","360,584","278,473","230,914","201,724","203,862","197,812","213,559","302,858","274,361","250,625","291,799","304,312"
Dry Tortugas NP,"47,224","60,136","74,186","83,704","79,186","79,582","74,741","67,917","61,765","64,122","60,895","63,947","52,011","53,890","75,171","60,550","58,401","64,865","70,862","73,661"
Edgar Allan Poe NHS,"17,632","13,965","16,796",630,"12,552","12,314","10,830","11,005","11,879","12,409","14,258","12,961","17,463","16,584","14,711","19,104","5,884","13,701","13,862","14,827"
Effigy Mounds NM,"76,573","70,559","80,414","77,563","79,846","75,061","79,658","93,575","88,546","90,199","88,268","68,696","78,177","79,783","82,581","78,540","71,074","77,812","81,901","77,195"
Eisenhower NHS,"74,395","76,825","73,347","76,921","74,826","76,518","69,017","72,272","67,669","70,243","69,747","70,757","64,212","61,210","58,022","53,286","59,179","58,240","54,377","55,550"
El Malpais NM,"105,707","95,001","109,008","76,557","118,374","115,893","151,127","137,170","116,194","107,792","110,639","115,066","123,290","134,662","105,356","114,678","137,904","164,063","174,433","157,440"
El Morro NM,"80,146","79,953","80,529","67,707","68,886","60,143","57,889","65,877","51,825","52,297","51,492","45,178","48,245","52,566","48,332","44,808","40,051","46,256","49,390","59,422"
Eleanor Roosevelt NHS,"85,226","85,347","65,703","76,958","86,012","71,189","58,843","53,765","52,690","14,493","59,846","53,632","54,393","53,067","50,074","55,049","43,686","60,456","64,791","63,480"
Eugene O'Neill NHS,"3,497","3,616","3,400","3,579","3,510","3,496","2,672","2,684","3,652","3,372","2,339","2,544","3,783","2,445","2,593","2,789","2,929","3,202","3,942","4,287"
Everglades NP,"989,532","1,118,215","1,073,982","995,390","1,049,851","968,909","1,040,648","1,181,355","1,233,837","954,022","1,074,764","822,118","900,882","915,538","934,351","1,141,906","1,047,116","1,110,901","1,077,427","930,907"
Federal Hall NMEM,"205,487","251,975","211,482","241,897","203,816","177,146","120,152","156,707",0,"12,800","127,432","212,564","204,880","178,749","187,109","167,146","148,647","137,538","172,038","314,531"
Fire Island NS,"534,888","558,479","559,764","600,333","661,692","763,992","629,858","819,161","670,456","636,030","616,233","604,577","569,667","613,057","519,173","483,334","294,219","384,343","441,899","431,303"
First Ladies NHS,,,,,,,,,,"11,219","10,881","9,770","10,466","8,766","8,254","9,903","10,068","15,326","12,897","13,378"
Flight 93 NMEM,,,,,,,,,,,"143,725","136,091","149,668","137,837","265,246","317,926","265,924","284,226","337,217","385,123"
Florissant Fossil Beds NM,"86,488","79,779","81,510","82,094","79,669","62,509","67,537","61,258","59,508","56,094","55,992","56,988","64,251","65,422","61,289","62,637","58,032","63,297","69,130","73,564"
Ford's Theatre NHS,"1,054,482","1,220,391","1,159,435","1,164,176","1,224,540","545,336","429,763","826,008","856,079","857,600","732,521","335,865","658,271","662,298","642,786","701,542","665,876","655,441","681,537","650,779"
Fort Bowie NHS,"9,623","9,168","9,390","8,898","8,858","8,290","8,445","9,483","9,656","10,679","10,027","10,095","9,641","9,491","8,429","7,966","8,082","6,964","7,760","8,013"
Fort Caroline NMEM,"130,386","129,301","176,230","189,948","195,303","184,575","180,656","171,505","145,736","224,114","250,616","279,984","288,606","299,906","326,149","327,339","307,086","187,843","224,418","232,082"
Fort Davis NHS,"62,191","64,846","60,419","54,988","56,946","56,454","54,204","54,007","51,858","49,091","51,435","49,290","50,968","43,280","35,130","38,136","43,277","49,842","55,955","61,823"
Fort Donelson NB,"221,923","225,854","225,604","219,049","226,390","234,855","227,004","228,355","208,687","213,521","233,205","208,631","203,456","202,210","257,389","284,762","247,734","262,317","260,744","259,343"
Fort Frederica NM,"335,009","279,251","281,437","244,162","290,705","241,876","243,286","252,793","363,948","316,611","264,586","248,093","296,117","294,484","293,041","262,235","217,580","228,103","202,191","192,906"
Fort Laramie NHS,"67,493","53,159","56,065","47,298","44,376","50,074","50,455","53,638","46,455","40,651","40,263","48,297","56,923","57,128","52,916","55,199","54,057","49,038","51,616","57,444"
Fort Larned NHS,"43,563","43,530","42,572","40,001","35,581","39,920","35,317","37,127","31,551","31,512","30,471","21,483","27,443","29,423","26,704","33,194","27,432","24,607","32,170","31,060"
Fort Matanzas NM,"537,642","506,212","579,385","636,348","682,480","714,970","947,875","918,450","1,002,444","922,315","830,672","813,131","793,253","673,700","570,695","497,574","523,694","568,529","622,175","557,810"
Fort McHenry NM & HS,"661,141","684,724","682,012","690,781","646,775","673,823","607,357","627,659","620,636","622,419","574,924","598,050","605,870","611,582","641,254","744,076","678,431","769,300","617,890","610,987"
Fort Necessity NB,"88,307","97,797","85,438","93,860","89,133","89,407","95,957","105,688","102,004","223,111","353,296","127,672","197,271","264,450","193,479","187,893","165,159","219,546","280,705","290,021"
Fort Point NHS,"1,648,450","1,669,608","1,682,903","1,607,726","1,203,023","1,617,824","1,596,933","1,660,007","1,682,041","1,613,853","1,552,141","1,390,187","1,385,134","1,315,241","1,338,508","1,502,786","1,591,312","1,677,457","1,610,466","2,264,154"
Fort Pulaski NM,"355,040","361,104","358,710","354,900","357,953","354,070","331,059","319,586","297,982","333,378","317,349","352,636","435,661","416,292","408,104","385,751","374,408","387,010","382,945","344,921"
Fort Raleigh NHS,"354,977","357,928","305,305","244,750","267,464","278,565","177,263","270,050","276,071","299,432","321,717","311,751","338,212","305,711","282,134","281,833","263,598","264,987","289,885","292,367"
Fort Scott NHS,"48,423","50,328","42,250","36,479","40,673","38,439","29,650","28,973","25,798","24,269","22,314","25,322","28,544","27,635","26,219","25,034","25,773","25,966","25,531","29,291"
Fort Smith NHS,"62,392","41,846","35,880","53,628","84,974","74,906","73,676","78,444","74,400","77,014","83,850","75,174","63,540","68,678","86,122","87,386","69,584","88,790","111,469","163,636"
Fort Stanwix NM,"82,552","46,007","51,228","38,667","53,065","77,863","56,646","68,427","38,237","60,589","59,643","71,263","93,170","103,748","102,874","195,057","129,089","60,819","86,678","94,006"
Fort Sumter NM,"332,095","334,762","301,420","319,147","919,443","922,776","839,036","781,239","779,390","776,162","788,838","744,971","785,604","797,713","857,883","842,027","815,007","828,521","840,711","888,330"
Fort Union NM,"17,883","15,469","16,022","14,258","15,100","13,198","12,944","13,230","11,645","10,347","10,534","9,171","11,070","10,638","9,575","9,215","8,965","10,934","11,726","11,953"
Fort Union Trading Post NHS,"20,988","19,723","20,612","19,381","19,551","21,256","24,024","21,511","16,940","13,392","12,405","11,533","15,141","14,458","12,236","12,677","12,908","11,521","13,605","17,502"
Fort Vancouver NHS,"360,637","365,326","377,650","376,688","404,662","387,394","510,383","682,415","801,198","690,307","682,645","894,417","1,017,326","786,989","710,439","681,404","733,540","803,740","818,672","1,092,031"
Fort Washington Park,"264,052","273,951","248,131","258,667","267,032","287,233","264,566","253,486","306,802","315,390","324,660","484,202","339,370","352,883","409,381","368,824","443,918","466,078","337,433","560,358"
Fossil Butte NM,"23,106","22,473","22,043","21,915","19,902","19,320","19,417","18,288","17,779","16,631","19,853","17,727","18,693","19,700","16,552","17,084","17,662","16,623","19,293","20,737"
Franklin Delano Roosevelt MEM,"1,925,858","4,258,807","3,453,171","2,918,846","2,866,417","2,493,089","2,121,931","3,038,046","2,852,565","2,662,016","2,751,725","2,622,806","2,591,241","2,238,052","2,309,708","2,764,459","2,837,729","2,938,239","3,290,080","4,360,502"
Frederick Douglass NHS,"33,922","31,081","35,319","32,458","29,618","39,369","54,350","53,046","23,226","17,947","37,468","37,852","43,483","44,699","46,694","53,314","47,625","45,492","53,873","67,387"
Frederick Law Olmsted NHS,"5,082","5,310","8,217","6,499","10,332","7,938","6,906","6,814","2,775","1,559","2,010","2,969","5,007","3,285","4,022","8,668","6,570","8,667","9,473","8,935"
Fredericksburg & Spotsylvania NMP,"464,773","449,798","480,820","489,833","465,323","464,890","443,634","443,030","534,636","499,324","469,920","473,841","906,175","899,936","908,836","982,324","880,251","873,328","891,917","969,895"
Friendship Hill NHS,"20,666","27,711","24,558","29,913","33,791","32,854","34,876","30,018","29,188","25,636","32,576","30,623","31,454","32,562","30,039","34,289","34,372","34,317","34,687","37,847"
Gates of the Arctic NP & PRES,"6,949","8,266","8,166","11,278","4,505","6,648","5,075","10,282","9,459","9,982","10,942","11,397","9,975","10,840","11,623","10,899","11,012","12,669","10,745","10,047"
Gateway NRA,"6,807,945","7,124,022","6,813,607","7,927,567","8,285,059","9,014,438","8,567,769","8,228,573","8,294,353","8,456,456","8,813,204","9,431,021","9,010,522","8,820,757","7,697,727","5,043,863","6,191,246","6,021,713","6,392,565","8,651,770"
Gauley River NRA,"248,878","230,226","236,918","253,375","236,192","188,613","148,793","155,183","128,796","116,854","118,169","112,262","113,185","107,223","109,780","115,283","135,309","117,354","105,374","115,888"
General Grant NMEM,"126,432","105,856","110,971","111,299","85,107","79,548","68,057","83,010","80,046","105,657","84,171","91,436","100,874","119,665","104,769","92,418","83,440","100,622","95,526","109,151"
George Rogers Clark NHP,"194,292","143,092","146,413","134,241","129,161","128,207","124,429","133,528","128,134","128,579","114,560","113,688","103,284","118,912","145,596","125,972","128,531","125,218","135,856","126,095"
George Washington Birthplace NM,"97,788","102,262","127,449","141,453","141,907","138,084","79,541","74,525","59,089","135,870","101,844","99,975","113,083","128,158","130,647","134,824","131,683","131,984","130,952","129,750"
George Washington Carver NM,"40,432","44,477","37,653","52,517","41,464","42,417","41,024","38,824","45,574","37,167","36,480","40,407","38,899","35,068","30,787","30,425","33,061","41,535","37,745","46,397"
George Washington MEM PKWY,"5,844,294","6,584,802","6,946,945","7,897,161","7,664,091","7,419,375","6,043,508","7,227,909","7,284,165","6,872,213","6,837,139","7,009,630","6,938,309","6,925,099","7,417,397","7,425,577","7,360,392","7,472,150","7,286,463","10,323,339"
Gettysburg NMP,"1,727,070","1,701,660","1,641,838","1,542,184","1,792,380","1,833,033","1,769,688","1,724,420","1,705,601","1,666,365","1,647,745","1,455,951","1,013,002","1,031,554","1,124,659","1,126,577","1,213,349","1,020,702","1,080,185","1,091,320"
Gila Cliff Dwellings NM,"61,638","51,594","51,539","46,194","49,447","45,585","47,869","45,349","40,058","40,510","41,690","38,987","43,016","32,652","25,317","28,637","27,825","31,135","36,518","41,519"
Glacier Bay NP & PRES,"347,046","403,512","442,607","384,684","380,114","408,143","366,319","353,686","359,829","413,382","438,211","418,911","438,361","444,530","431,986","454,337","500,590","500,727","551,353","520,171"
Glacier NP,"1,708,856","1,830,944","1,684,604","1,728,693","1,680,614","1,905,689","1,664,046","2,033,933","1,925,101","1,964,399","2,083,329","1,808,027","2,031,348","2,200,048","1,853,564","2,162,035","2,190,374","2,338,528","2,366,056","2,946,681"
Glen Canyon NRA,"2,430,781","2,442,990","2,639,860","2,568,111","2,340,031","2,106,896","1,876,984","1,841,845","1,908,726","1,885,378","1,894,114","1,947,507","1,960,345","2,124,467","2,270,817","2,061,328","1,991,924","2,368,452","2,495,093","3,239,525"
Golden Gate NRA,"13,803,382","14,046,590","14,048,085","14,486,065","13,457,900","13,961,267","13,854,750","13,270,547","13,602,629","13,486,824","14,397,313","14,554,750","15,036,372","14,271,503","14,567,487","14,540,338","14,289,121","15,004,420","14,888,537","15,638,777"
Golden Spike NHS,"50,989","46,203","47,525","45,273","43,887","47,242","45,230","46,189","40,156","45,381","45,088","39,968","45,334","43,561","43,933","42,551","40,704","44,125","59,147","60,027"
Governors Island NM,,,,,,,"2,507","11,312","11,559","43,135","69,014","205,010","325,840","409,207","402,174","348,249","355,553","698,227","438,613","522,859"
Grand Canyon NP,"4,791,668","4,239,682","4,575,124","4,460,228","4,104,809","4,001,974","4,124,900","4,326,234","4,401,522","4,279,439","4,413,668","4,425,314","4,348,068","4,388,386","4,298,178","4,421,352","4,564,840","4,756,771","5,520,736","5,969,811"
Grand Portage NM,"69,752","75,227","74,744","92,914","81,428","69,486","63,289","62,815","62,842","53,443","68,856","77,323","76,025","113,996","97,440","93,156","88,598","88,877","91,751","95,862"
Grand Teton NP,"2,658,762","2,757,060","2,680,025","2,590,624","2,535,108","2,612,629","2,355,693","2,360,373","2,463,442","2,406,476","2,588,574","2,485,987","2,580,081","2,669,374","2,587,437","2,705,256","2,688,794","2,791,392","3,149,921","3,270,076"
Grant-Kohrs Ranch NHS,"28,460","25,374","23,502","20,864","20,188","20,273","18,521","20,399","17,553","19,795","17,494","16,633","20,099","22,075","20,293","17,095","18,848","20,565","22,139","23,176"
Great Basin NP,"90,760","80,363","90,119","81,045","81,712","85,777","87,020","79,879","77,741","78,524","81,364","69,235","84,974","88,870","91,451","94,850","92,893","107,526","116,123","144,846"
Great Sand Dunes NP & PRES,"309,855","279,768","286,745","260,789","277,523","234,776","251,375","267,204","279,589","258,660","285,121","273,903","289,955","283,284","280,058","254,674","242,841","271,774","299,513","388,308"
Great Smoky Mountains NP,"9,965,075","9,989,395","10,283,598","10,175,812","9,197,697","9,316,420","9,366,845","9,167,046","9,192,477","9,289,215","9,372,253","9,044,010","9,491,437","9,463,538","9,008,830","9,685,829","9,354,695","10,099,276","10,712,674","11,312,786"
Greenbelt Park,"420,875","147,634","110,994","169,511","192,154","144,289","367,427","200,000","200,629","195,038","198,237","164,103","188,043","270,661","190,427","145,552","142,742","132,688","135,260","137,900"
Guadalupe Mountains NP,"231,980","227,924","219,591","198,762","222,307","202,911","181,357","182,351","170,383","174,157","165,110","163,709","198,882","192,210","152,546","159,360","145,670","166,868","169,535","181,839"
Guilford Courthouse NMP,"663,904","753,943","740,024","822,948","858,125","762,412","530,756","277,484","497,193","486,162","445,752","354,077","290,368","285,444","346,617","313,374","541,581","173,261","222,602","321,796"
Gulf Islands NS,"4,697,014","4,293,301","4,597,270","4,590,595","4,549,900","4,561,862","4,939,771","4,241,477","1,689,400","1,986,816","2,034,294","2,054,201","4,132,674","4,283,747","5,501,872","4,973,462","4,837,965","4,455,240","3,976,883","4,771,309"
Hagerman Fossil Beds NM,"11,861","13,267","13,070","13,609","12,311","13,365","15,921","21,801","23,544","25,875","24,779","23,163","27,263","29,795","21,100","23,936","21,008","22,482","24,695","25,982"
Haleakala NP,"1,673,561","1,476,842","1,963,187","1,620,083","1,410,974","1,521,080","1,444,668","1,455,477","1,474,681","1,426,068","1,322,817","1,185,068","1,109,104","1,105,606","956,989","1,094,668","785,300","1,142,040","1,216,772","1,263,558"
Hamilton Grange NMEM,0,"33,406","43,887","41,283","22,971","13,435","13,378","12,902","15,287","6,369",0,690,150,0,"7,817","16,358","20,429","20,943","35,446","85,348"
Hampton NHS,"30,234","28,892","20,509","23,401","24,096","28,226","27,526","28,182","24,407","29,297","30,062","35,260","39,334","32,153","32,165","37,529","32,262","32,498","34,685","34,942"
Harpers Ferry NHP,"340,246","371,094","333,738","317,699","325,156","286,289","264,478","260,783","241,807","267,501","249,908","254,162","275,044","268,822","255,348","263,105","255,714","261,202","282,893","335,691"
Harry S Truman NHS,"62,039","53,792","48,847","44,182","45,112","44,472","41,757","36,953","37,968","34,479","31,092","30,848","28,384","27,670","28,924","31,316","28,977","29,364","32,825","34,616"
Hawaii Volcanoes NP,"1,832,087","1,352,373","1,502,855","1,514,636","1,343,286","1,110,998","1,122,524","1,307,391","1,661,196","1,612,246","1,467,779","1,270,538","1,233,105","1,304,667","1,352,123","1,483,928","1,583,209","1,693,005","1,832,660","1,887,580"
Herbert Hoover NHS,"210,736","231,932","199,350","192,815","183,640","191,812","183,364","182,545","152,214","134,980","118,298","142,656","162,886","142,512","134,249","128,812","128,919","139,086","127,154","152,382"
Home of Franklin D. Roosevelt NHS,"180,103","163,398","135,701","130,368","127,624","125,949","105,026","103,671","108,611","117,166","114,195","124,073","123,033","140,251","125,488","135,746","147,218","179,340","180,405","193,272"
Homestead NM of America,"29,477","38,910","41,510","43,892","52,077","52,330","49,779","48,776","54,284","53,667","70,216","71,314","71,301","74,314","69,845","103,708","67,396","69,156","78,739","87,755"
Hopewell Culture NHP,"35,075","35,599","29,282","28,617","26,761","28,672","46,607","35,740","30,156","30,336","30,321","28,130","34,179","33,918","33,834","39,462","32,206","36,432","43,587","58,058"
Hopewell Furnace NHS,"85,936","86,546","74,303","69,152","64,898","60,733","53,694","50,246","49,980","49,239","56,013","49,328","53,186","55,750","44,873","52,870","46,138","48,105","51,252","54,167"
Horseshoe Bend NMP,"97,087","114,721","111,854","125,372","108,190","104,033","85,311","87,956","58,564","70,067","73,669","50,719","72,232","67,776","65,892","58,668","55,965","64,359","89,282","83,370"
Hot Springs NP,"1,509,596","1,495,993","1,384,469","1,338,156","1,296,786","1,440,227","1,561,311","1,418,735","1,340,160","1,273,456","1,300,152","1,238,147","1,284,707","1,311,807","1,396,354","1,302,505","1,325,719","1,424,484","1,418,162","1,544,300"
Hovenweep NM,"24,465","23,699","47,593","43,300","37,396","30,918","29,737","26,854","26,662","26,348","26,263","25,411","27,855","27,386","25,858","26,710","24,959","26,808","35,117","42,862"
Hubbell Trading Post NHS,"264,952","271,353","202,572","216,407","234,631","196,874","163,883","130,411","95,676","72,516","69,211","61,955","99,267","80,578","88,231","75,061","75,678","81,475","66,324","67,276"
Independence NHP,"3,155,195","2,997,127","3,067,187","3,179,157","2,813,047","2,972,104","2,712,277","4,087,918","3,951,073","3,532,245","3,705,538","4,076,638","3,967,694","3,751,007","3,572,770","3,594,549","3,553,070","3,648,050","4,311,582","5,067,510"
Indiana Dunes NL,"1,483,782","2,108,789","1,748,047","1,820,228","1,735,404","1,989,941","1,953,449","1,810,330","2,127,336","1,938,132","1,972,344","1,833,596","1,944,568","2,150,345","1,840,513","1,889,381","1,681,695","1,553,372","1,640,195","1,698,223"
Isle Royale NP,"21,381","23,932","23,493","21,096","19,431","19,463","17,800","17,276","17,398","17,070","15,973","14,038","14,653","15,793","15,892","16,663","16,274","14,560","18,684","24,966"
James A. Garfield NHS,"4,074","25,892","24,059","23,629","21,115","16,959","17,984","13,973","15,334","19,916","19,196","27,289","17,100","24,853","31,499","36,375","21,027","17,956","24,506","45,437"
Jean Lafitte NHP & PRES,"852,674","835,521","874,754","878,759","923,604","699,680","631,942","595,128","429,267","264,680","303,373","339,821","335,075","391,019","420,366","419,694","400,128","445,524","405,618","438,420"
Jefferson NEM,"3,420,076","3,420,352","3,481,042","3,458,956","3,532,524","3,333,454","2,685,219","2,779,350","2,944,976","2,572,072","2,385,387","1,954,810","2,360,109","2,436,110","2,259,020","2,496,726","2,377,258","1,817,091","1,698,656","1,271,855"
Jewel Cave NM,"133,115","131,058","134,834","128,960","125,330","131,215","126,363","108,948","102,318","97,395","105,321","100,481","129,595","103,462","77,146","109,300","98,259","104,348","116,444","137,275"
Jimmy Carter NHS,"44,548","49,629","49,097","52,103","59,716","52,706","62,784","71,294","94,945","86,016","84,501","82,417","69,972","64,849","66,157","69,940","67,455","62,057","67,797","66,441"
"John D. Rockefeller, Jr. MEM PKWY","1,402,258","1,395,091","1,380,833","1,210,790","1,180,278","1,144,220","1,135,664","1,070,301","1,077,646","1,034,954","1,172,125","1,099,060","1,139,923","1,222,931","1,147,986","1,197,750","1,228,502","1,264,842","1,430,337","1,411,819"
John Day Fossil Beds NM,"113,057","99,983","99,274","100,522","98,489","114,392","108,181","117,613","124,937","119,656","124,704","112,578","130,925","135,151","148,002","148,152","156,285","183,420","196,277","210,110"
John F. Kennedy NHS,"13,508","10,924","23,047","12,262","12,244","9,417","9,330","11,073","7,616","6,490","8,896","10,090","16,333","17,466","18,466","22,642","17,273","26,273","18,485","25,467"
John Muir NHS,"31,534","30,051","30,992","32,538","25,257","27,942","26,578","27,873","28,166","29,499","30,875","28,770","34,516","34,904","31,236","37,403","37,777","41,535","42,615","49,376"
Johnstown Flood NMEM,"131,225","136,582","120,901","122,323","119,462","136,135","105,361","115,020","111,987","112,239","126,066","135,308","114,350","100,799","105,906","123,081","121,923","141,354","163,431","154,931"
Joshua Tree NP,"1,226,273","1,410,312","1,316,340","1,233,935","1,280,917","1,178,376","1,283,346","1,243,659","1,375,111","1,256,421","1,298,979","1,392,446","1,304,471","1,434,976","1,396,237","1,396,117","1,383,340","1,589,904","2,025,756","2,505,286"
Kalaupapa NHP,"75,962","83,468","57,905","86,989","63,006","60,825","57,972","61,797","48,772","46,839","60,992","60,934","30,654","27,919","57,841","58,875","101,112","67,210","67,891","71,527"
Kaloko Honokohau NHP,"44,258","56,584","47,328","44,150","54,000","70,101","77,632","91,462","85,891","112,344","119,237","104,835","166,380","132,731","162,906","153,584","158,124","154,206","170,683","185,041"
Katmai NP & PRES,"18,802","45,470","51,399","71,389","67,038","59,025","51,589","56,787","54,274","68,630","82,634","7,970","43,035","55,172","48,939","39,818","28,966","30,896","37,818","37,818"
Kenai Fjords NP,"306,164","263,948","290,673","254,790","262,353","251,799","243,719","244,232","258,297","251,630","284,604","272,190","218,358","297,596","346,852","281,279","283,502","270,666","296,697","346,534"
Kennesaw Mountain NBP,"959,260","1,052,281","1,236,585","1,341,712","1,329,271","1,359,114","1,422,380","1,221,752","1,005,510","1,316,129","1,329,441","1,415,917","1,372,228","1,512,191","1,748,436","1,935,909","1,924,076","2,119,013","2,174,870","2,360,256"
Keweenaw NHP,,,,,,,,,,,,,,,,,,,,"14,612"
Kings Canyon NP,"484,718","540,212","559,534","528,987","541,787","545,420","555,987","525,035","594,893","552,766","580,129","574,870","609,296","598,205","566,810","591,033","567,544","502,268","468,106","607,479"
Kings Mountain NMP,"237,579","253,283","254,158","257,499","267,402","265,077","272,106","268,504","268,394","259,287","262,283","254,997","277,576","275,555","272,325","265,713","247,632","251,093","257,077","263,357"
Klondike Gold Rush NHP Alaska,"655,858","679,980","693,883","697,051","713,436","754,436","844,576","843,623","888,255","903,079","975,043","935,940","880,512","797,716","795,150","854,250","928,150","1,085,202","919,661","912,351"
Klondike Gold Rush NHP Seattle,"116,918","108,093","116,012","124,680","76,030","66,182","64,097","66,786","70,783","53,107","54,971","58,389","54,219","65,870","64,898","60,198","61,942","62,022","60,372","69,435"
Knife River Indian Villages NHS,"25,206","23,523","32,455","33,048","36,280","31,662","36,605","40,166","31,079","24,235","22,558","24,798","29,390","21,721","16,025","16,010","14,476","10,750","11,377","13,328"
Kobuk Valley NP,"2,781","5,550","6,309","2,646","4,217","4,046","4,006","4,744","5,037","3,005",847,"1,565","1,879","3,164","11,485","29,550","16,875",0,0,"15,500"
Korean War Veterans Memorial,"1,285,566","3,336,548","3,249,688","2,923,716","2,961,477","2,675,205","2,535,768","3,610,796","3,214,467","3,248,757","3,433,663","3,654,976","3,117,046","3,072,716","3,073,430","3,267,124","3,209,279","3,767,287","4,077,835","4,084,298"
Lake Chelan NRA,"34,300","45,779","50,087","51,825","42,548","40,590","35,549","42,529","29,783","35,151","34,665","25,139","34,554","39,249","43,827","40,830","37,315","35,360","32,186","45,514"
Lake Clark NP & PRES,"9,173","11,335","6,190","6,493","4,397","4,325","4,505","4,906","5,408","5,320","5,549","6,802","9,711","9,931","5,158","11,639","13,000","16,100","17,818","21,102"
Lake Mead NRA,"8,528,420","8,788,055","9,023,943","8,755,005","8,465,547","7,550,284","7,915,581","7,819,984","7,692,438","7,777,753","7,622,139","7,601,863","7,668,689","7,080,758","6,396,682","6,285,439","6,344,714","6,942,873","7,298,465","7,175,891"
Lake Meredith NRA,"1,683,646","1,636,419","1,779,138","1,615,751","1,248,278","936,234","972,722","768,715","1,113,192","1,037,610","984,108","875,280","1,080,644","883,586","734,030","502,457","554,272","692,195","831,374","1,025,613"
Lake Roosevelt NRA,"1,431,960","1,545,150","1,403,793","1,415,627","1,252,160","1,444,751","1,356,331","1,279,051","1,272,119","1,281,586","1,450,438","1,337,024","1,382,663","1,324,074","1,523,474","1,781,972","1,254,409","1,180,898","1,170,843","1,253,571"
Lassen Volcanic NP,"391,816","318,049","353,756","374,911","376,695","388,149","404,384","379,667","365,535","388,741","395,057","377,361","365,639","384,570","351,269","407,653","427,409","432,977","468,092","536,068"
Lava Beds NM,"111,733","115,727","135,180","114,337","113,882","116,445","119,515","106,940","107,475","104,490","102,629","120,076","129,639","130,765","124,113","181,429","105,395","138,499","108,687","127,699"
LBJ Memorial Grove on the Potomac,"587,734","567,737","537,685","488,094","529,503","420,089","474,238","482,250","454,716","470,683","453,297","411,164","333,368","230,694","239,058","371,063","294,979","254,167","232,882","260,234"
Lewis & Clark NHP,"199,822","234,227","211,494","214,759","226,137","231,907","255,853","219,192","245,266","218,816","234,380","230,057","225,846","218,553","191,867","201,704","217,022","244,921","270,410","281,576"
Lincoln Boyhood NMEM,"158,806","149,323","146,914","154,031","146,037","127,225","126,924","129,392","147,443","123,781","128,596","147,123","182,172","126,228","108,420","133,550","125,069","99,795","111,711","125,562"
Lincoln Home NHS,"442,514","408,051","385,683","367,968","392,214","390,076","383,025","361,349","419,552","388,887","358,809","335,473","464,074","354,125","296,214","295,464","209,405","218,132","233,299","239,719"
Lincoln Memorial,"1,557,964","4,368,912","4,099,480","4,009,145","3,968,357","3,551,973","3,272,596","3,988,650","3,638,806","3,810,347","4,214,167","4,678,861","5,255,570","6,042,315","5,971,220","6,191,361","6,546,518","7,139,072","7,941,771","7,915,934"
Little Bighorn Battlefield NM,"358,212","366,739","394,098","330,329","334,567","425,995","422,566","347,056","328,668","298,518","290,744","282,233","302,811","320,959","312,168","346,327","277,883","281,436","317,782","332,328"
Little River Canyon NPRES,,,,,,,"183,896","174,439","201,442","211,047","264,189","197,693","189,251","192,576","225,549","201,109","185,477","224,931","248,135","462,700"
Little Rock Central High School NHS,,,,,"21,078","22,940","23,348","28,836","44,293","35,264","56,938","42,302","60,103","49,740","66,106","63,938","114,144","115,908","125,956","129,540"
Longfellow NHS,"17,927","19,542",0,0,0,"20,319","43,329","30,380","36,660","43,108","49,246","59,827","39,065","45,684","46,596","52,234","40,554","46,371","50,784","49,697"
Lowell NHP,"510,922","554,612","551,208","604,787","723,568","742,016","684,856","677,639","722,458","632,234","519,706","574,410","565,960","540,475","520,452","537,551","517,763","514,524","531,055","541,825"
Lyndon B. Johnson NHP,"129,667","124,212","122,116","108,728","101,824","95,188","85,339","80,730","75,932","78,792","85,818","93,204","98,218","112,680","100,056","110,791","82,369","88,427","124,979","140,303"
Maggie L. Walker NHS,"8,411","9,405","9,645","9,514","10,147","12,323","11,517","10,913","7,968","7,803","8,026","7,367","9,853","12,331","10,779","8,276","7,013","9,045","7,589","9,589"
Mammoth Cave NP,"1,997,658","2,113,992","1,710,983","1,749,268","1,883,580","1,891,307","1,869,137","1,888,267","1,878,006","597,934","487,305","446,174","503,856","497,225","483,319","508,054","494,541","522,628","566,895","586,514"
Manassas NBP,"1,025,826","972,709","815,338","692,006","822,684","779,147","759,953","722,132","715,622","674,851","584,926","594,992","578,383","612,490","659,740","600,354","538,888","514,140","502,045","534,835"
Manhattan Project NHP,,,,,,,,,,,,,,,,,,,,"104,715"
Manzanar NHS,,,,"38,010","46,834","52,823","61,917","75,449","78,172","88,200","81,344","78,468","89,190","76,592","79,587","72,831","77,511","77,633","95,327","105,307"
Marsh-Billings-Rockefeller NHP,,"22,652","44,964","46,289","26,350","31,940","33,037","29,205","28,660","22,484","32,179","37,121","31,129","31,209","29,049","32,403","34,112","39,086","35,003","55,716"
"Martin Luther King, Jr. Memorial",,,,,,,,,,,,,,,"1,490,358","3,738,336","3,205,654","3,199,136","3,530,401","3,638,208"
"Martin Luther King, Jr. NHS","494,002","387,594","499,844","612,065","598,475","657,316","666,195","580,307","624,848","791,617","652,867","658,873","650,343","658,452","666,482","707,514","704,168","766,030","673,728","467,715"
Martin Van Buren NHS,"23,008","20,087","20,325","14,066","15,950","16,036","14,594","13,686","10,445","24,735","19,678","21,216","23,216","21,055","19,287","22,062","16,229","19,187","18,547","22,100"
Mary McLeod Bethune Council House NHS,"8,213","7,747","6,577","5,696","5,769","2,554","2,467","6,329","8,570","16,858","17,324","17,635","21,811","19,520","18,142","6,646","5,686","9,295","8,249","7,149"
Mesa Verde NP,"627,720","604,556","635,736","452,287","513,409","406,385","438,590","446,811","498,333","557,248","541,102","551,446","550,377","559,712","572,329","488,860","460,237","501,563","547,325","583,527"
Minute Man NHP,"828,902","965,253","869,884","1,004,195","1,072,979","1,179,317","1,176,283","1,072,149","1,027,033","1,084,041","1,107,254","1,067,578","1,096,024","1,073,748","1,002,833","1,001,207","947,894","1,056,549","964,330","1,049,414"
Minuteman Missile NHS,,,,,,,,"4,924","7,800","16,754","24,566","30,615","36,777","42,348","59,389","75,654","76,261","62,058","100,488","133,895"
Mississippi NRRA,,,,,,,,,,,,,,,"99,398","106,733","100,111","85,637","127,635","256,944"
Missouri NRR,,,,,,,,"48,149","63,557","167,960","145,767","162,086","186,313","167,301","179,983","167,776","169,698","134,760","145,004","148,210"
Mojave NPRES,"378,977","374,378","391,694","444,402","492,745","492,785","615,269","546,312","632,521","537,250","582,675","618,285","528,865","600,897","536,006","542,527","549,599","554,560","589,155","585,635"
Monocacy NB,"11,804","15,563","14,834","18,198","18,095","15,592","14,566","18,145","17,985","18,579","22,125","31,276","34,553","33,313","36,674","47,249","37,647","56,187","64,596","87,547"
Montezuma Castle NM,"947,062","853,821","823,489","789,131","710,595","643,645","637,024","644,452","622,320","597,762","597,611","603,755","601,465","578,554","573,731","455,305","389,091","407,017","416,635","392,168"
Moores Creek NB,"47,139","52,210","81,574","89,872","88,320","86,782","67,272","60,676","48,406","44,378","55,039","44,820","68,864","51,326","58,118","79,345","72,330","87,774","89,944","83,889"
Morristown NHP,"535,787","543,277","601,925","463,624","464,758","336,509","328,057","310,041","241,897","277,748","296,651","277,203","298,060","278,392","222,395","294,606","304,941","264,363","218,959","252,514"
Mount Rainier NP,"1,315,773","1,353,793","1,291,397","1,344,833","1,301,103","1,310,390","1,262,351","1,217,750","1,173,897","1,113,601","1,047,685","1,163,227","1,151,654","1,191,754","1,038,229","1,049,178","1,148,552","1,264,259","1,237,231","1,356,913"
Mount Rushmore NMEM,"1,752,014","2,014,485","1,972,289","1,868,876","1,904,119","2,162,570","2,217,894","2,037,820","2,037,861","1,989,771","1,856,118","1,789,328","2,260,192","2,331,237","2,081,722","2,185,447","2,162,998","2,144,808","2,434,297","2,431,231"
Muir Woods NM,"1,546,514","860,378","883,164","884,229","773,624","708,091","719,350","778,368","775,941","741,768","811,033","838,292","779,880","834,356","897,131","972,331","954,125","1,049,400","1,099,923","1,123,121"
Natchez NHP,"51,107","164,011","365,677","334,745","287,499","272,465","285,615","239,903","232,023","272,091","207,441","232,470","218,126","206,870","206,624","184,551","191,095","215,257","204,332","204,120"
Natchez Trace PKWY,"5,992,978","5,810,094","6,392,961","5,737,183","5,552,351","5,643,170","5,555,984","5,389,227","5,482,282","5,713,583","5,777,666","5,747,235","5,934,363","5,910,950","5,765,343","5,560,668","6,012,740","5,846,474","5,785,812","5,891,315"
National Capital Parks Central,"1,602,145","1,264,132","1,432,569","2,816,985","1,860,851","1,724,138","1,401,221","1,378,172","1,660,876","3,803,244","2,513,639","2,559,653","3,678,876","1,363,389","1,240,717","858,700","1,712,858","1,999,232","1,833,085","1,813,222"
National Capital Parks East,"1,746,476","1,609,738","1,100,142","1,263,838","1,343,067","1,223,863","1,372,109","1,998,903","1,390,443","1,310,321","1,311,087","1,296,990","1,272,212","1,181,960","1,167,393","923,054","1,091,661","1,311,995","1,220,403","1,224,671"
National Park of American Samoa,,,,,,"1,938",0,,,"1,239","6,774","3,683","3,242","3,006","8,716","10,440","17,919","13,953","13,892","28,892"
Natural Bridges NM,"141,573","126,360","129,173","112,573","97,171","98,281","98,874","96,106","121,247","91,288","88,316","91,838","92,023","95,676","91,184","89,011","82,330","87,119","94,797","101,843"
Navajo NM,"100,466","90,666","78,603","66,133","57,904","60,282","76,620","65,246","54,688","71,595","69,445","74,143","77,901","90,696","87,388","58,219","54,168","65,778","71,370","65,705"
New Bedford Whaling NHP,,"23,710","246,920","272,506","303,342","344,563","332,538","343,468","332,935","343,774","327,047","281,512","279,803","277,681","273,862","269,885","276,374","272,731","167,790","145,500"
New Orleans Jazz NHP,,,,"16,711","45,766","50,019","43,926","44,226","40,242","34,375","49,053","66,726","80,828","80,195","130,393","177,909","198,363","36,017","58,188","35,514"
New River Gorge NR,"1,228,242","1,197,649","1,186,501","1,132,531","1,231,529","1,215,875","1,111,164","1,151,782","1,045,814","1,124,688","1,178,012","1,212,854","1,144,318","1,151,213","1,071,088","1,128,195","1,071,823","1,124,799","1,178,753","1,197,931"
Nez Perce NHP,"255,539","236,020","187,252","145,970","159,417","205,891","199,282","187,210","152,396","155,802","225,568","207,250","176,238","193,000","286,259","233,093","297,973","221,439","224,967","239,908"
Nicodemus NHS,,"1,282","18,900","21,691","34,251","31,664","51,310","56,803","28,065","21,441","2,507","2,434","2,978","3,448","2,681","3,505","3,241","3,374","3,306","3,552"
Ninety Six NHS,"33,976","31,842","27,900","28,492","29,194","28,801","31,679","34,622","28,734","33,786","33,595","57,304","50,689","63,747","70,099","73,044","69,624","65,688","80,223","118,002"
Niobrara NSR,,,,,,,,"54,385","58,750","60,397","79,942","70,270","68,058","69,705","65,785","65,999","71,876","53,443","68,110","73,813"
Noatak NPRES,"7,103","2,100","3,927","2,257","3,912","3,586","3,674","8,393","7,010","3,272","1,384","2,147","2,474","3,257","11,722","31,000","16,907",0,0,"17,000"
North Cascades NP,"27,203","32,753","21,488","25,704","27,739","20,691","20,724","16,912","18,686","19,167","19,534","18,725","26,972","24,659","19,208","26,935","21,623","23,865","20,677","28,646"
Obed W&SR,"298,642","249,518","245,899","240,194","193,105","232,768","206,337","242,682","175,800","185,176","182,504","192,154","212,933","180,203","212,458","212,446","198,367","215,767","214,441","231,390"
Ocmulgee NM,"126,029","120,254","118,803","127,705","118,565","109,482","174,340","138,526","130,281","140,239","114,379","102,631","110,819","109,413","122,722","120,025","115,801","122,799","155,388","162,260"
Olympic NP,"3,846,709","3,577,007","3,364,266","3,327,722","3,416,069","3,691,310","3,225,327","3,073,722","3,142,774","2,749,197","2,988,686","3,081,451","3,276,459","2,844,563","2,966,502","2,824,908","3,085,340","3,243,872","3,263,761","3,390,221"
Oregon Caves NM,"84,500","86,476","91,129","89,230","87,175","84,520","94,745","83,701","83,811","78,900","76,966","73,774","88,496","86,335","76,194","78,164","72,717","69,405","72,709","80,613"
Organ Pipe Cactus NM,"168,169","182,126","156,107","258,306","329,028","294,434","277,566","229,584","280,068","313,103","341,594","340,290","330,064","209,602","211,405","161,743","206,860","224,548","222,723","234,186"
Ozark NSR,"1,602,504","1,547,989","1,536,301","1,568,758","1,488,355","1,607,279","1,301,415","1,317,746","1,554,729","1,491,380","1,789,783","1,243,507","1,308,718","1,416,529","1,365,960","1,406,781","1,253,703","1,296,437","1,277,941","1,241,480"
Padre Island NS,"677,492","707,999","630,562","759,596","656,873","532,843","568,737","643,792","666,580","730,994","658,317","635,925","642,163","612,716","542,873","573,855","515,830","578,815","582,839","634,012"
Palo Alto Battlefield NHP,,,,,,,59,"28,175","29,913","32,117","21,676","45,026","41,599","26,865","24,752","36,707","32,522","41,516","47,866","58,556"
Paterson Great Falls NHP,,,,,,,,,,,,,,,,,,,,"177,498"
Pea Ridge NMP,"72,016","80,000","95,410","76,495","77,583","81,815","70,678","61,449","65,557","66,177","68,840","68,464","68,746","115,128","114,234","131,907","95,251","104,686","114,578","119,490"
Pecos NHP,"33,862","30,172","37,886","37,127","32,718","36,934","38,326","33,829","35,782","34,106","34,307","32,701","34,522","33,864","43,873","45,568","32,386","38,256","30,229","39,715"
Pennsylvania Avenue NHS,"224,689","265,575","270,211","278,472","225,962","172,574","164,340","209,005","212,141","191,677","226,908","239,785","256,874","262,030","236,136","283,232","257,831","54,035",0,0
Perry's Victory & Intl. Peace MEM,"174,445","185,679","179,542","164,223","164,402","206,171","168,002","152,628","155,689","107,908","110,879","157,337","154,457","92,944","93,119","140,281","158,231","129,440","156,578","142,152"
Petersburg NB,"177,325","155,993","148,676","171,099","161,999","167,563","162,547","158,167","143,455","152,889","154,619","154,003","162,722","175,553","213,261","188,426","190,086","205,572","192,655","191,898"
Petrified Forest NP,"823,266","816,506","666,978","605,192","583,904","571,586","586,245","580,000","598,378","581,681","563,590","543,714","631,613","664,725","614,054","664,857","644,648","836,799","793,225","643,274"
Petroglyph NM,"92,209","77,537","72,604","61,170","60,608","59,222","58,101","97,498","102,623","121,825","112,868","116,620","118,688","105,643","114,428","119,444","115,075","115,859","117,825","124,177"
Pictured Rocks NL,"413,963","455,120","442,916","422,683","421,312","429,229","382,456","381,854","476,888","419,298","441,521","398,774","448,215","499,281","561,104","593,587","575,450","527,897","723,178","777,428"
Pinnacles NP,"171,971","94,639","164,854","162,110","178,243","162,266","162,791","157,397","170,994","158,824","161,019","166,988","171,112","246,575","393,219","224,476","237,677","196,635","206,533","215,555"
Pipe Spring NM,"66,624","62,986","64,735","51,993","50,783","54,734","56,341","57,569","54,704","50,923","46,574","47,418","49,433","59,952","57,360","54,692","51,118","56,484","54,619","46,710"
Pipestone NM,"87,907","91,785","92,605","92,391","88,512","84,299","82,290","81,773","69,820","66,867","72,422","80,137","69,539","78,108","61,908","76,030","64,760","62,151","70,748","67,489"
Piscataway Park,"245,228","233,571","239,008","201,177","251,261","229,607","184,823","190,745","176,174","199,443","184,636","324,394","234,186","248,314","279,060","124,107","161,999","109,473","148,729","123,381"
Point Reyes NS,"2,505,547","2,477,409","2,300,631","2,325,336","2,222,762","2,395,693","2,224,882","1,960,055","1,988,585","2,065,083","2,206,294","2,248,203","2,170,646","2,067,271","2,129,116","2,412,663","2,641,808","2,433,944","2,501,106","2,438,442"
Port Chicago Naval Magazine NM,,,,,,,,,,,,,,984,545,533,596,786,963,"1,942"
President W.J. Clinton Birthplace Home NHS,,,,,,,,,,,,,,,"9,749","8,932","9,838","11,113","10,463","10,468"
President's Park,"1,846,879","1,333,875","1,363,332","1,219,143","1,401,108","853,993","723,575","1,333,967","1,204,270","1,061,387","1,058,774","1,178,845","1,475,182","616,635","786,151","600,083","658,065","723,923","903,161","989,424"
Prince William Forest Park,"223,655","162,176","145,993","175,581","217,721","248,577","212,180","220,044","232,213","209,312","295,853","345,361","368,365","386,521","379,535","280,325","309,298","315,072","312,109","344,435"
Pu'uhonua o Honaunau NHP,"478,023","492,210","435,810","419,518","402,071","377,125","596,961","819,221","476,237","485,145","489,785","414,667","397,665","419,590","426,224","442,353","363,282","401,808","437,286","421,027"
Pu'ukohola Heiau NHS,"46,584","57,364","58,317","54,256","54,745","60,851","103,040","101,092","112,137","98,026","104,907","92,584","99,042","129,886","133,306","134,403","125,645","134,734","139,586","138,565"
Rainbow Bridge NM,"179,791","195,916","234,550","197,614","189,750","167,736","98,865","73,675","81,206","87,642","81,607","95,567","113,460","104,501","92,311","75,214","54,773","62,910","77,270","86,369"
Redwood NP,"382,488","383,188","369,726","383,253","388,352","404,789","408,126","392,029","394,144","383,780","385,171","396,899","444,426","418,820","380,167","352,517","393,364","429,166","527,143","536,297"
Richmond NBP,"77,707","82,187","87,957","90,422","108,244","106,397","96,014","84,876","68,438","141,151","132,578","120,823","134,634","130,415","139,376","156,952","151,240","179,552","184,175","208,969"
Rio Grande W&SR,489,462,678,909,"1,086",939,656,588,319,135,"1,660","1,606",947,"1,103",873,694,703,321,120,463
River Raisin NBP,,,,,,,,,,,,,,,"36,206","50,667","57,464","55,281","109,118","202,375"
Rock Creek Park,"2,001,085","2,015,825","1,998,719","2,039,559","2,185,813","2,075,687","2,036,731","2,115,516","2,132,088","2,181,863","2,061,366","2,076,466","2,076,500","1,883,457","2,050,490","2,003,385","1,968,995","2,437,948","2,443,772","2,478,735"
Rocky Mountain NP,"2,965,354","3,035,422","3,186,323","3,185,392","3,139,685","2,988,475","3,067,256","2,781,899","2,798,368","2,743,676","2,895,383","2,757,390","2,822,325","2,955,821","3,176,941","3,229,617","2,991,141","3,434,751","4,155,916","4,517,585"
Roger Williams NMEM,"52,006","57,155","60,916","56,240","51,816","58,243","54,482","50,677","50,668","52,671","49,348","46,154","50,397","51,559","50,909","51,944","48,677","51,523","60,505","65,588"
Rosie The Riveter WWII Home Front,,,,,,,,,,,,,,,,,"31,514","45,549","56,362","64,425"
Ross Lake NRA,"332,164","425,209","333,944","273,696","331,343","387,216","346,542","313,497","279,581","265,022","290,701","253,333","288,458","682,736","728,353","742,200","725,917","710,612","772,579","905,418"
Russell Cave NM,"27,380","26,353","27,289","23,465","20,449","27,912","22,892","22,350","23,496","24,851","49,164","36,375","24,087","23,374","20,717","20,954","20,456","18,530","19,430","24,649"
Sagamore Hill NHS,"96,590","90,919","67,193","53,182","45,176","42,526","42,396","41,082","38,009","43,719","43,698","53,772","53,800","55,149","53,336","20,097","14,639","19,319","42,326","53,920"
Saguaro NP,"739,410","716,160","749,014","765,195","725,874","615,045","643,697","651,464","727,208","619,983","658,477","699,137","665,234","717,614","610,045","634,286","678,261","673,572","753,446","820,426"
Saint Croix Island International Historic Site,,,,,,,,,,,,,,,,,"10,709","11,588","12,557","13,857"
Saint Croix NSR,"423,622","452,748","328,506","369,736","257,903","279,060","282,838","313,904","521,695","506,841","519,330","523,595","564,326","188,400","273,729","221,028","342,942","671,582","623,122","708,258"
Saint Paul's Church NHS,"6,032","8,069","7,442","9,771","11,756","14,573","11,473","13,938","13,869","14,431","14,909","14,538","14,432","16,362","14,926","16,188","14,016","16,460","17,180","20,830"
Saint-Gaudens NHS,"35,369","36,303","29,031","37,030","37,550","34,239","30,907","30,725","26,943","25,858","29,091","29,819","34,558","30,941","32,695","33,663","37,837","37,785","39,242","42,377"
Salem Maritime NHS,"688,584","802,214","762,869","796,318","748,747","759,402","649,132","782,791","676,216","761,945","843,520","856,935","723,088","806,506","737,073","756,038","426,328","403,758","264,780","371,989"
Salinas Pueblo Missions NM,"41,710","39,464","39,962","34,842","34,568","35,670","33,827","34,216","34,810","32,996","33,060","31,248","37,848","32,941","29,786","29,228","24,836","30,537","29,672","32,414"
Salt River Bay NHP & Ecological Pres,,,,,,,,,,"2,526","1,455","2,184","2,540",204,"2,419","5,217","4,791","5,192","8,108","16,449"
San Antonio Missions NHP,"1,328,958","1,118,905","1,224,178","1,393,894","1,370,082","1,481,462","1,330,326","1,102,445","1,139,133","1,173,771","1,208,498","1,303,212","1,567,667","1,304,690","568,021","614,810","521,705","1,395,337","1,322,154","1,358,911"
San Francisco Maritime NHP,"3,530,687","3,535,081","3,535,315","3,433,066","3,256,974","3,558,544","3,984,826","4,055,479","3,976,056","3,984,645","4,042,022","4,086,211","4,152,497","4,130,970","4,224,897","4,129,983","4,154,455","4,256,888","4,173,014","4,334,752"
San Juan Island NHP,"225,851","250,285","270,671","267,718","301,067","255,215","246,150","270,969","246,780","258,804","273,289","255,492","274,642","263,370","266,717","261,139","220,960","268,946","258,668","316,122"
San Juan NHS,"982,740","892,854","950,141","1,086,104","1,281,528","1,278,407","1,198,105","1,072,829","1,054,492","1,167,558","1,025,407","1,135,577","1,069,673","1,105,252","1,229,590","1,279,814","1,328,802","1,382,906","1,532,818","1,456,553"
Sand Creek Massacre NHS,,,,,,,,,,,,,,"4,063","3,935","4,384","4,795","7,402","5,887","6,847"
Santa Monica Mountains NRA,"530,198","516,249","555,529","469,344","532,898","469,376","447,776","525,859","447,190","534,378","577,686","419,374","501,573","568,371","609,636","649,471","633,054","694,714","797,126","906,606"
Saratoga NHP,"138,405","170,227","158,602","163,914","154,897","142,812","106,862","114,007","98,394","99,581","106,708","88,834","89,366","63,719","65,043","57,688","54,364","58,773","65,010","102,808"
Saugus Iron Works NHS,"19,146","22,917","22,064","17,713","17,017","17,243","14,001","16,316","14,522","11,153","4,377","12,433","10,529","10,775","11,121","11,611","8,154","11,181","9,327","11,159"
Scotts Bluff NM,"141,613","141,606","141,453","119,404","113,135","111,293","105,611","107,715","99,567","98,352","111,890","111,849","121,391","133,795","128,811","122,515","108,127","119,159","131,122","130,085"
Sequoia NP,"1,008,931","861,303","873,229","838,947","870,327","920,292","979,297","1,000,177","1,004,843","954,507","979,537","930,011","965,170","1,002,979","1,006,583","1,106,584","909,274","1,039,137","1,097,464","1,254,688"
Shenandoah NP,"1,587,790","1,473,100","1,339,286","1,419,579","1,498,561","1,389,244","1,163,950","1,261,000","1,094,912","1,076,150","1,107,227","1,075,878","1,120,981","1,253,386","1,209,883","1,210,200","1,136,505","1,255,321","1,321,873","1,437,341"
Shiloh NMP,"345,310","329,067","357,532","261,472","356,787","371,118","391,346","311,149","315,296","335,657","368,742","357,340","404,134","317,046","387,816","587,620","536,206","409,086","356,535","421,862"
Sitka NHP,"269,606","159,965","197,809","194,053","211,984","295,094","251,036","297,139","291,610","331,393","304,799","241,407","246,866","189,176","186,864","195,157","161,157","157,297","185,150","217,141"
Sleeping Bear Dunes NL,"1,157,616","1,298,205","1,364,834","1,195,084","1,127,107","1,170,873","1,153,962","1,114,615","1,222,313","1,213,026","1,134,314","1,008,135","1,165,836","1,280,932","1,348,304","1,531,560","1,340,007","1,395,401","1,535,633","1,683,553"
Springfield Armory NHS,"16,000","15,247","16,250","23,987","27,044","36,680","29,814","33,393","14,389","17,115","13,548","17,358","17,779","16,876","16,161","16,978","17,782","20,595","21,825","22,434"
Statue of Liberty NM,"4,738,388","5,200,633","5,370,015","5,509,706","4,317,998","3,408,560","3,231,247","3,618,053","4,235,595","3,263,585","3,380,296","3,555,244","3,829,483","3,833,288","3,749,982","3,029,443","1,883,544","4,198,815","4,279,020","4,501,547"
Steamtown NHS,"182,827","185,274","178,208","160,421","128,435","127,766","114,855","106,433","88,031","61,178","70,726","71,123","65,144","104,855","111,725","106,309","81,174","84,257","89,592","99,660"
Stones River NB,"165,026","187,647","191,559","186,212","192,084","187,941","201,576","206,638","206,425","201,016","196,061","198,918","189,952","187,559","187,208","260,537","258,242","272,499","264,925","346,213"
Sunset Crater Volcano NM,"187,734","175,805","183,198","167,988","159,523","150,664","159,073","126,911","229,913","221,406","231,855","209,399","187,397","158,819","185,265","177,793","184,864","176,723","182,203","60,233"
Tallgrass Prairie NPRES,,"18,994","21,786","18,049","18,149","16,385","16,762","15,281","17,615","27,260","23,000","20,075","23,713","22,047","17,893","18,918","16,128","17,776","29,558","29,378"
Thaddeus Kosciuszko NMEM,"6,892","5,990","6,130","8,488","7,722","6,390","4,675","4,686","4,107","3,990","4,633","3,918","3,357","2,888","1,949","2,045","1,682","1,475","1,261","2,794"
Theodore Roosevelt Birthplace NHS,"27,613","23,459","23,495","19,837","11,198","9,376","10,175","11,082","11,158","10,713","13,098","18,590","14,390","15,029","6,537","17,930","18,676","21,065","6,685","6,582"
Theodore Roosevelt Inaugural NHS,"10,323","12,578","13,315","15,813","20,684","15,634","15,920","13,898","13,032","13,218","14,147",834,"11,735","17,491","17,107","18,875","19,198","22,025","24,896","29,199"
Theodore Roosevelt Island,"129,818","131,741","188,431","178,795","190,029","173,996","172,113","144,226","111,879","103,324","109,894","109,156","141,559","116,035","137,690","149,754","162,599","146,500","159,740","164,360"
Theodore Roosevelt NP,"393,265","448,286","431,311","431,813","446,609","471,551","490,295","474,589","493,198","435,359","456,588","516,804","586,928","623,748","563,407","640,555","545,090","559,580","580,033","753,880"
Thomas Edison NHP,"67,659","61,330","26,010","12,863","54,419","54,935","3,359",0,0,"8,753","9,342","8,027","27,061","63,009","55,284","52,554","46,677","51,344","56,317","57,694"
Thomas Jefferson MEM,"953,408","2,139,549","2,218,837","1,976,325","2,225,756","2,066,932","1,642,293","2,200,371","2,312,726","2,219,255","2,327,254","2,363,263","2,337,868","2,305,856","1,945,696","2,613,131","2,609,463","2,708,607","3,102,442","3,414,345"
Thomas Stone NHS,"6,023","3,034","4,038","4,414","5,241","4,824","4,801","5,940","4,500","5,019","4,886","5,720","6,268","6,004","6,351","6,426","6,013","5,843","5,772","10,652"
Timpanogos Cave NM,"112,777","119,074","122,778","115,115","126,270","114,736","106,030","107,170","104,517","110,840","114,737","123,682","138,571","120,241","96,965","118,764","91,269","95,679","104,023","91,261"
Timucuan EHP,"121,420","633,233","637,012","650,585","707,183","655,335","810,821","750,230","903,177","1,011,989","999,833","1,038,888","1,195,171","993,948","1,028,922","1,076,310","1,031,667","1,121,318","1,239,423","1,148,494"
Tonto NM,"79,402","78,822","74,006","76,059","80,006","57,328","59,216","63,217","75,140","63,733","56,174","63,553","60,534","60,497","53,426","51,881","39,632","36,360","37,523","38,048"
Tumacacori NHP,"58,713","58,853","56,189","53,706","49,570","48,438","52,393","48,502","44,022","45,015","45,484","45,079","40,637","39,866","33,740","35,158","31,433","38,017","42,146","43,829"
Tuskegee Airmen NHS,,,,,,,"11,085","11,495","10,323","11,345","14,685","50,331","58,417","60,827","16,244","23,716","19,301","24,319","22,662","31,133"
Tuskegee Institute NHS,"44,324","48,377","54,652","57,954","37,843","49,114","59,413","52,752","70,032","72,778","75,450","52,027","31,360","23,230","23,288","24,030","47,766","11,786","7,961","8,452"
Tuzigoot NM,"131,419","125,437","124,347","113,525","116,323","112,167","115,216","114,486","108,262","115,213","107,796","102,811","106,250","103,274","101,104","97,388","85,746","74,903","95,065","104,604"
Ulysses S. Grant NHS,"14,040","19,134","20,635","17,894","22,421","25,531","22,248","22,797","24,868","25,758","46,398","45,959","40,703","39,967","35,664","39,373","38,604","40,287","39,048","46,071"
Upper Delaware S&RR,"308,215","292,245","354,356","276,178","306,639","296,095","256,987","225,565","248,953","200,338","248,284","284,347","258,311","306,468","270,390","255,586","228,464","230,845","243,246","264,362"
Valley Forge NHP,"1,901,406","1,784,520","1,308,986","1,350,434","1,230,025","1,158,423","1,132,976","1,088,271","1,293,001","1,340,679","1,298,161","1,275,871","1,449,228","1,617,511","1,303,046","1,442,750","1,962,889","1,990,881","2,143,965","2,428,724"
Vanderbilt Mansion NHS,"382,417","383,038","313,863","410,575","396,656","403,016","359,982","405,264","372,517","391,899","398,125","360,334","380,460","390,525","367,680","423,107","372,569","398,447","431,961","387,856"
Vicksburg NMP,"894,000","1,005,918","1,021,860","934,226","992,284","1,023,370","901,672","958,081","703,484","676,605","699,314","555,109","584,105","581,459","796,035","573,262","573,838","550,874","532,444","508,914"
Vietnam Veterans MEM,"1,765,012","4,687,299","4,442,238","3,782,445","3,704,008","3,296,596","2,839,006","3,789,889","3,799,968","3,629,739","3,633,793","4,243,573","4,437,771","4,555,371","4,020,127","4,424,407","4,142,721","4,403,467","5,597,077","5,299,713"
Virgin Islands NP,"592,537","556,849","425,345","703,992","677,401","693,494","821,681","793,590","803,040","677,289","571,382","469,034","415,847","493,477","442,414","483,341","438,601","426,930","438,372","411,343"
Voyageurs NP,"223,418","231,958","228,898","227,371","243,374","238,227","234,231","249,041","234,577","231,875","220,650","221,585","222,429","253,891","177,184","214,841","233,390","239,160","238,313","241,912"
Waco Mammoth NM,,,,,,,,,,,,,,,,,,,"20,551","69,510"
Walnut Canyon NM,"129,807","115,342","122,064","112,649","102,839","106,962","111,465","126,931","128,275","120,820","126,187","101,833","128,299","126,552","125,003","110,748","125,267","135,230","153,322","152,444"
War in the Pacific NHP,"124,455","134,067","138,575","155,789","149,865","152,881","1,698","11,832","30,332","40,005","209,661","187,005","271,608","219,349","482,391","255,923","266,267","266,191","322,463","488,988"
Washington Monument,"841,218","340,190","553,420","185,085",0,"454,768","529,985","378,416","467,550","586,603","591,081","671,031","676,002","628,665","430,153",0,0,"423,170","493,550","252,677"
Washita Battlefield NHS,,,,,,"15,374","15,467","14,733","15,311","14,408","13,928","14,579","10,527","12,552","10,995","10,615","8,434","13,186","12,067","12,312"
Weir Farm NHS,"9,069","11,844","15,058","15,910","17,643","16,113","15,455","11,333","11,129","11,795","12,536","18,522","19,386","19,313","22,415","21,465","22,862","34,082","47,220","39,079"
Whiskeytown NRA,"697,435","752,478","716,526","702,883","695,018","696,590","750,951","745,185","740,275","749,979","782,014","676,281","853,812","788,065","761,710","814,374","776,025","851,901","843,845","875,565"
White House,"1,227,392","1,027,479","1,015,395","1,175,714","856,042","178,092","182,542","357,250","455,643","481,951","491,229","519,011","616,890","922,335","570,057","656,949","231,627","569,391","526,263","611,207"
White Sands NM,"629,507","592,957","553,948","515,229","518,958","498,964","492,008","448,185","450,447","440,927","437,042","438,511","471,167","470,921","428,924","447,385","490,544","503,660","497,506","555,793"
Whitman Mission NHS,"77,601","77,967","74,954","67,035","64,679","61,293","56,009","56,169","55,826","52,849","49,337","53,356","52,605","58,521","57,611","60,785","57,686","58,499","39,525","50,148"
William Howard Taft NHS,"7,588","7,166","5,960","8,267","8,946","13,401","16,275","16,347","14,328","14,720","17,365","16,968","18,802","21,163","21,141","19,416","21,102","23,609","24,385","30,723"
Wilson's Creek NB,"175,688","176,036","177,721","196,502","223,531","203,356","200,081","162,798","207,199","141,677","121,878","120,670","156,230","185,200","192,865","167,205","157,309","161,058","161,004","183,698"
Wind Cave NP,"832,033","849,974","761,717","668,507","650,357","810,298","874,167","593,877","612,478","591,049","603,158","573,433","587,868","577,141","538,394","529,083","516,142","547,022","612,198","617,377"
Wolf Trap NP for the Performing Arts,"644,852","523,354","549,491","523,843","539,999","566,654","554,646","541,597","554,386","490,547","503,016","487,197","466,752","520,397","425,177","426,996","441,166","388,283","407,351","437,513"
Women's Rights NHP,"25,354","74,263","36,672","26,501","23,771","21,880","19,426","19,772","18,239","16,146","18,657","23,093","20,620","22,662","25,426","29,585","30,137","30,254","38,139","52,683"
World War II Memorial,,,,,,,,"5,382,498","4,410,379","3,865,430","4,079,606","4,153,749","4,118,528","3,964,351","3,752,172","4,161,685","3,934,166","4,230,793","5,068,224","4,856,532"
World War II Valor in the Pacific NM,"1,404,684","1,358,699","1,402,418","1,444,904","1,436,006","1,499,760","1,476,396","1,566,633","1,556,808","1,542,757","1,557,336","1,407,879","1,276,868","1,372,724","1,694,896","1,751,224","1,786,024","1,620,814","1,574,156","1,819,020"
Wrangell-St. Elias NP & PRES,"31,833","27,859","29,252","28,331","28,643","40,352","43,311","57,221","56,224","50,336","61,085","65,693","59,966","73,170","65,225","87,158","69,984","74,722","80,366","79,047"
Wright Brothers NMEM,"425,132","419,210","375,681","429,472","438,548","440,737","712,181","421,341","458,948","466,144","494,331","527,721","476,291","476,200","445,455","466,816","447,796","430,517","437,184","458,776"
Wupatki NM,"233,582","217,466","245,225","243,270","239,476","236,394","266,159","247,971","219,480","236,449","239,603","239,157","233,284","221,083","216,165","201,365","190,878","195,962","212,828","223,172"
Yellowstone NP,"2,889,513","3,120,830","3,131,381","2,838,233","2,758,526","2,973,677","3,019,375","2,868,317","2,835,651","2,870,295","3,151,343","3,066,580","3,295,187","3,640,185","3,394,326","3,447,729","3,188,030","3,513,484","4,097,710","4,257,177"
Yosemite NP,"3,669,970","3,657,132","3,493,607","3,400,903","3,368,731","3,361,867","3,378,664","3,280,911","3,304,144","3,242,644","3,503,428","3,431,514","3,737,472","3,901,408","3,951,393","3,853,404","3,691,191","3,882,642","4,150,217","5,028,868"
Yukon-Charley Rivers NPRES,"1,856","4,451","4,072","3,677","6,571","5,144","5,552","4,260","12,784","12,083","11,567","4,942","6,432","6,211","1,718","1,393","3,914","2,329","1,133","1,146"
Zion NP,"2,445,534","2,370,048","2,449,664","2,432,348","2,217,779","2,592,545","2,458,792","2,677,342","2,586,665","2,567,350","2,657,281","2,690,154","2,735,402","2,665,972","2,825,505","2,973,607","2,807,387","3,189,696","3,648,846","4,295,127"
,,,,,,,,,,,,,,,,,,,,
